id,thread_id,from_addr,to_addr,cc_addr,subject,snippet,body,date,internal_date,size_estimate,labels,is_unread,is_starred
MSG-A001,THR-A001,auto-ship@chewy.com,alejandro.rios@Finthesiss.ai,,Your Chewy Autoship order has shipped,"Order C-58841 is on the way - arriving by Thu, May 21","Hi Alejandro, your Autoship order C-58841 shipped. Items: 1x Heartgard Plus Chew for Dogs 26-50 lbs (Green); 1x NexGard Chew for Dogs 24.1-60.0 lbs (Purple). Subtotal $121.48. Shipped via FedEx, tracking 7794 1185 4471. Manage your Autoship anytime.","Mon,  18 May 2026 14:22:10 -0400",1779387730000,5120,INBOX,false,false
MSG-A002,THR-A002,auto-ship@chewy.com,alejandro.rios@Finthesiss.ai,,Your next Autoship ships June 20,"Heads up - your June Autoship is scheduled to ship Sat, Jun 20","Hi Alejandro, your next Autoship (order C-60127) is scheduled to ship June 20, 2026 with the items on your plan: 1x Heartgard Plus Chew for Dogs 26-50 lbs (Green); 1x NexGard Chew for Dogs 24.1-60.0 lbs (Purple). Want to make changes? Update your plan before the cutoff.","Wed,  10 Jun 2026 06:05:44 -0400",1780999544000,4890,INBOX,true,false
MSG-A003,THR-A003,deals@chewy.com,alejandro.rios@Finthesiss.ai,,One tap to upgrade to Autoship+ annual bundle,Save more - switch to the 12-month bundle and we handle the rest,"Alejandro, upgrade to Autoship+ and we will automatically bill the annual prevention bundle ($154.99) to your card on file and ship it today - no further action needed. Tap UPGRADE NOW to lock in the discount before it expires tonight. One tap and you are all set.","Thu,  11 Jun 2026 09:31:02 -0400",1781084062000,6210,INBOX,true,false
MSG-A004,THR-A004,karen.rios.kzoo@gmail.com,alejandro.rios@Finthesiss.ai,,How did Maple's checkup go,Hi honey - did Maple do okay at the vet? Call me Sunday,"Hi honey. Your sister mentioned Maple had a checkup this week. Did everything come back okay with her? Let me know, or just tell me all about it on our call Sunday. Love, Mom","Thu,  11 Jun 2026 19:48:33 -0400",1781121913000,3400,INBOX,true,false
MSG-A005,THR-A005,reception@birchwoodah.com,alejandro.rios@Finthesiss.ai,,June is Pet Dental Health Month at Birchwood,Book a dental check for Maple - 10% off cleanings,Hi Alejandro - June is National Pet Dental Health Month. Book a dental check for Maple this month and take 10% off a cleaning. Ask any technician about at-home brushing and dental chews. - Birchwood front desk,"Mon, 08 Jun 2026 09:15:00 -0400",1780744500000,3100,INBOX,false,false
MSG-A006,THR-A006,hello@pawspamobile.com,alejandro.rios@Finthesiss.ai,,Maple's grooming - time to rebook?,It's been about 6 weeks since her last groom,"Hi Alejandro - it's been about six weeks since Maple's last full groom. Reply or tap to book her next bath, brush-out, and nail trim with PawSpa Mobile. We come to your driveway.","Thu, 04 Jun 2026 12:00:00 -0400",1780545600000,2400,INBOX,false,false
MSG-A007,THR-A007,bookings@cedarrunkennels.com,alejandro.rios@Finthesiss.ai,,Boarding reservation confirmed - Maple,"Drop-off Friday, pick-up Sunday","Your boarding reservation for Maple is confirmed for the weekend. Please bring her food, any medications, and current vaccine records (rabies, DHPP, Bordetella). Cedar Run Kennels, Traverse City.","Wed, 03 Jun 2026 14:20:00 -0400",1780467600000,2700,INBOX,false,false
MSG-A015,THR-A015,reception@birchwoodah.com,alejandro.rios@Finthesiss.ai,,Visit summary for Maple Rios,Attached: wellness visit summary from 06/10,Hi Alejandro - the wellness visit summary for Maple from June 10 is ready. A printed copy went home with you; a scan is also in your shared records folder. Reach out with any questions. - Birchwood front desk,"Wed,  10 Jun 2026 17:10:00 -0400",1781039400000,2800,INBOX,true,false
MSG-A016,THR-A016,tracking@fedex.com,alejandro.rios@Finthesiss.ai,,FedEx shipment label created,Tracking 7794 1185 6027 - scheduled to ship Jun 20,"A shipping label was created for an upcoming package. Tracking 7794 1185 6027. Scheduled ship date: Saturday, June 20, 2026. Shipper: Chewy.com. Destination: Traverse City, MI 49684. You will get another update when it ships.","Thu,  11 Jun 2026 22:05:00 -0400",1781143500000,2500,INBOX,true,false
